"","Mean","Median","Mode","ESS","HDImass","HDIlow","HDIhigh","CompVal","PcntGtCompVal","ROPElow","ROPEhigh","PcntLtROPE","PcntInROPE","PcntGtROPE"
"theta[1]",0.715609230917453,0.715605574349971,0.715380670876225,50000,0.95,0.696135176798261,0.734545068846097,NA,NA,NA,NA,NA,NA,NA
"theta[2]",0.0253552984972503,0.0251981880952225,0.025101045218516,50000,0.95,0.0188181277909138,0.0320814513451456,NA,NA,NA,NA,NA,NA,NA
"theta[3]",0.0800603764313599,0.0798765064761603,0.0789546430287774,50000,0.95,0.068971637718453,0.0918530127651041,NA,NA,NA,NA,NA,NA,NA
"theta[1]-theta[2]",0.690253932420202,0.690305672031829,0.691193005493246,50000,0.95,0.669634733855418,0.710215016109397,0,100,NA,NA,NA,NA,NA
"theta[1]-theta[3]",0.635548854486093,0.635623779808198,0.636242199513174,50000,0.95,0.612636929678761,0.657343654959369,0,100,NA,NA,NA,NA,NA
"theta[2]-theta[3]",-0.0547050779341096,-0.0546424660293775,-0.0546559447905426,49448.3,0.95,-0.0681290308814625,-0.0414172219176698,0,0,NA,NA,NA,NA,NA
